統計年度,醫院層級,統計對象,ICU種類,病房數,感染類別,感染人次數,導管種類,導管使用人日數,住院人日數
2022,醫學中心,加護病房,內科ICU,48,中心導管相關血流感染,642,中心導管,"142,647","227,150"
2022,醫學中心,加護病房,外科ICU,63,中心導管相關血流感染,711,中心導管,"151,288","243,938"
2022,醫學中心,加護病房,心臟科ICU,15,中心導管相關血流感染,196,中心導管,"38,557","68,639"
2022,醫學中心,加護病房,兒科ICU,45,中心導管相關血流感染,157,中心導管,"70,182","173,908"
2022,醫學中心,加護病房,綜合科ICU,24,中心導管相關血流感染,322,中心導管,"75,697","123,876"
2022,區域醫院,加護病房,內科ICU,49,中心導管相關血流感染,367,中心導管,"110,260","220,811"
2022,區域醫院,加護病房,外科ICU,44,中心導管相關血流感染,240,中心導管,"88,288","169,811"
2022,區域醫院,加護病房,心臟科ICU,11,中心導管相關血流感染,47,中心導管,"21,584","38,349"
2022,區域醫院,加護病房,兒科ICU,63,中心導管相關血流感染,18,中心導管,"8,776","48,410"
2022,區域醫院,加護病房,綜合科ICU,97,中心導管相關血流感染,415,中心導管,"183,765","371,783"
2022,地區醫院,加護病房,<10床,70,中心導管相關血流感染,54,中心導管,"22,973","66,576"
2022,地區醫院,加護病房,>=10床,62,中心導管相關血流感染,194,中心導管,"83,013","197,276"
2022,醫學中心,加護病房,內科ICU,48,呼吸器相關肺炎,49,呼吸器,"146,205","228,751"
2022,醫學中心,加護病房,外科ICU,63,呼吸器相關肺炎,86,呼吸器,"137,988","244,914"
2022,醫學中心,加護病房,心臟科ICU,15,呼吸器相關肺炎,10,呼吸器,"32,506","68,639"
2022,醫學中心,加護病房,兒科ICU,45,呼吸器相關肺炎,20,呼吸器,"37,689","173,908"
2022,醫學中心,加護病房,綜合科ICU,24,呼吸器相關肺炎,38,呼吸器,"75,384","123,876"
2022,區域醫院,加護病房,內科ICU,49,呼吸器相關肺炎,40,呼吸器,"106,721","222,527"
2022,區域醫院,加護病房,外科ICU,44,呼吸器相關肺炎,46,呼吸器,"90,008","169,245"
2022,區域醫院,加護病房,心臟科ICU,11,呼吸器相關肺炎,1,呼吸器,"14,727","38,349"
2022,區域醫院,加護病房,兒科ICU,63,呼吸器相關肺炎,5,呼吸器,"5,383","48,488"
2022,區域醫院,加護病房,綜合科ICU,97,呼吸器相關肺炎,138,呼吸器,"178,770","371,271"
2022,地區醫院,加護病房,<10床,70,呼吸器相關肺炎,29,呼吸器,"24,053","66,576"
2022,地區醫院,加護病房,>=10床,62,呼吸器相關肺炎,55,呼吸器,"78,319","197,276"
2022,醫學中心,加護病房,內科ICU,48,導尿管相關泌尿道感染,578,導尿管,"159,160","227,843"
2022,醫學中心,加護病房,外科ICU,63,導尿管相關泌尿道感染,474,導尿管,"186,158","243,265"
2022,醫學中心,加護病房,心臟科ICU,15,導尿管相關泌尿道感染,162,導尿管,"39,345","68,266"
2022,醫學中心,加護病房,兒科ICU,45,導尿管相關泌尿道感染,31,導尿管,"14,159","173,908"
2022,醫學中心,加護病房,綜合科ICU,24,導尿管相關泌尿道感染,286,導尿管,"90,127","123,876"
2022,區域醫院,加護病房,內科ICU,49,導尿管相關泌尿道感染,366,導尿管,"152,221","222,639"
2022,區域醫院,加護病房,外科ICU,44,導尿管相關泌尿道感染,314,導尿管,"131,885","168,274"
2022,區域醫院,加護病房,心臟科ICU,11,導尿管相關泌尿道感染,35,導尿管,"24,056","38,349"
2022,區域醫院,加護病房,兒科ICU,63,導尿管相關泌尿道感染,2,導尿管,"1,472","48,429"
2022,區域醫院,加護病房,綜合科ICU,97,導尿管相關泌尿道感染,560,導尿管,"272,504","371,783"
2022,地區醫院,加護病房,<10床,70,導尿管相關泌尿道感染,67,導尿管,"43,618","66,576"
2022,地區醫院,加護病房,>=10床,62,導尿管相關泌尿道感染,243,導尿管,"137,030","197,276"
2021,醫學中心,加護病房,內科ICU,47,中心導管相關血流感染,607,中心導管,"136,283","221,660"
2021,醫學中心,加護病房,外科ICU,63,中心導管相關血流感染,670,中心導管,"152,313","236,822"
2021,醫學中心,加護病房,心臟科ICU,14,中心導管相關血流感染,159,中心導管,"34,946","64,389"
2021,醫學中心,加護病房,兒科ICU,45,中心導管相關血流感染,177,中心導管,"76,712","180,355"
2021,醫學中心,加護病房,綜合科ICU,22,中心導管相關血流感染,301,中心導管,"69,124","120,650"
2021,區域醫院,加護病房,內科ICU,49,中心導管相關血流感染,326,中心導管,"103,430","225,484"
2021,區域醫院,加護病房,外科ICU,46,中心導管相關血流感染,253,中心導管,"88,649","173,239"
2021,區域醫院,加護病房,心臟科ICU,12,中心導管相關血流感染,83,中心導管,"20,531","36,253"
2021,區域醫院,加護病房,兒科ICU,64,中心導管相關血流感染,36,中心導管,"9,918","49,749"
2021,區域醫院,加護病房,綜合科ICU,96,中心導管相關血流感染,352,中心導管,"162,398","347,150"
2021,地區醫院,加護病房,<10床,72,中心導管相關血流感染,63,中心導管,"22,109","65,559"
2021,地區醫院,加護病房,>=10床,58,中心導管相關血流感染,143,中心導管,"75,403","185,763"
2021,醫學中心,加護病房,內科ICU,47,呼吸器相關肺炎,52,呼吸器,"144,194","221,660"
2021,醫學中心,加護病房,外科ICU,63,呼吸器相關肺炎,75,呼吸器,"136,954","236,822"
2021,醫學中心,加護病房,心臟科ICU,14,呼吸器相關肺炎,7,呼吸器,"30,634","64,389"
2021,醫學中心,加護病房,兒科ICU,45,呼吸器相關肺炎,24,呼吸器,"40,076","180,627"
2021,醫學中心,加護病房,綜合科ICU,22,呼吸器相關肺炎,45,呼吸器,"70,763","120,651"
2021,區域醫院,加護病房,內科ICU,49,呼吸器相關肺炎,59,呼吸器,"103,952","226,886"
2021,區域醫院,加護病房,外科ICU,46,呼吸器相關肺炎,78,呼吸器,"91,960","172,788"
2021,區域醫院,加護病房,心臟科ICU,12,呼吸器相關肺炎,5,呼吸器,"14,443","36,253"
2021,區域醫院,加護病房,兒科ICU,64,呼吸器相關肺炎,7,呼吸器,"6,041","49,819"
2021,區域醫院,加護病房,綜合科ICU,96,呼吸器相關肺炎,130,呼吸器,"154,271","346,809"
2021,地區醫院,加護病房,<10床,72,呼吸器相關肺炎,18,呼吸器,"22,420","65,559"
2021,地區醫院,加護病房,>=10床,58,呼吸器相關肺炎,79,呼吸器,"73,047","186,123"
2021,醫學中心,加護病房,內科ICU,47,導尿管相關泌尿道感染,570,導尿管,"159,337","221,660"
2021,醫學中心,加護病房,外科ICU,63,導尿管相關泌尿道感染,456,導尿管,"188,554","236,822"
2021,醫學中心,加護病房,心臟科ICU,14,導尿管相關泌尿道感染,137,導尿管,"37,064","64,389"
2021,醫學中心,加護病房,兒科ICU,45,導尿管相關泌尿道感染,25,導尿管,"13,054","180,627"
2021,醫學中心,加護病房,綜合科ICU,22,導尿管相關泌尿道感染,248,導尿管,"86,294","120,651"
2021,區域醫院,加護病房,內科ICU,49,導尿管相關泌尿道感染,345,導尿管,"148,167","226,664"
2021,區域醫院,加護病房,外科ICU,46,導尿管相關泌尿道感染,306,導尿管,"133,844","173,794"
2021,區域醫院,加護病房,心臟科ICU,12,導尿管相關泌尿道感染,80,導尿管,"23,290","36,253"
2021,區域醫院,加護病房,兒科ICU,64,導尿管相關泌尿道感染,2,導尿管,806,"49,910"
2021,區域醫院,加護病房,綜合科ICU,96,導尿管相關泌尿道感染,528,導尿管,"249,452","347,150"
2021,地區醫院,加護病房,<10床,72,導尿管相關泌尿道感染,75,導尿管,"41,420","65,559"
2021,地區醫院,加護病房,>=10床,58,導尿管相關泌尿道感染,229,導尿管,"129,075","186,123"
2020,醫學中心,加護病房,內科ICU,46,中心導管相關血流感染,509,中心導管,"134,314","225,074"
2020,醫學中心,加護病房,外科ICU,66,中心導管相關血流感染,571,中心導管,"149,994","243,957"
2020,醫學中心,加護病房,心臟科ICU,14,中心導管相關血流感染,143,中心導管,"32,789","63,347"
2020,醫學中心,加護病房,兒科ICU,42,中心導管相關血流感染,136,中心導管,"67,259","170,271"
2020,醫學中心,加護病房,綜合科ICU,22,中心導管相關血流感染,188,中心導管,"52,775","104,913"
2020,區域醫院,加護病房,內科ICU,48,中心導管相關血流感染,314,中心導管,"106,092","241,404"
2020,區域醫院,加護病房,外科ICU,46,中心導管相關血流感染,242,中心導管,"84,153","168,673"
2020,區域醫院,加護病房,心臟科ICU,12,中心導管相關血流感染,58,中心導管,"16,101","33,817"
2020,區域醫院,加護病房,兒科ICU,64,中心導管相關血流感染,21,中心導管,"10,041","51,575"
2020,區域醫院,加護病房,綜合科ICU,90,中心導管相關血流感染,326,中心導管,"153,837","334,326"
2020,地區醫院,加護病房,<10床,60,中心導管相關血流感染,62,中心導管,"17,887","57,313"
2020,地區醫院,加護病房,>=10床,52,中心導管相關血流感染,113,中心導管,"55,097","157,443"
2020,醫學中心,加護病房,內科ICU,46,呼吸器相關肺炎,64,呼吸器,"143,971","225,074"
2020,醫學中心,加護病房,外科ICU,66,呼吸器相關肺炎,93,呼吸器,"136,461","243,957"
2020,醫學中心,加護病房,心臟科ICU,14,呼吸器相關肺炎,11,呼吸器,"27,212","63,347"
2020,醫學中心,加護病房,兒科ICU,42,呼吸器相關肺炎,23,呼吸器,"34,525","170,577"
2020,醫學中心,加護病房,綜合科ICU,22,呼吸器相關肺炎,33,呼吸器,"56,283","114,650"
2020,區域醫院,加護病房,內科ICU,48,呼吸器相關肺炎,52,呼吸器,"113,977","241,404"
2020,區域醫院,加護病房,外科ICU,46,呼吸器相關肺炎,77,呼吸器,"87,083","168,673"
2020,區域醫院,加護病房,心臟科ICU,12,呼吸器相關肺炎,4,呼吸器,"11,097","33,817"
2020,區域醫院,加護病房,兒科ICU,64,呼吸器相關肺炎,5,呼吸器,"6,825","51,575"
2020,區域醫院,加護病房,綜合科ICU,90,呼吸器相關肺炎,148,呼吸器,"146,646","334,326"
2020,地區醫院,加護病房,<10床,60,呼吸器相關肺炎,30,呼吸器,"20,497","57,313"
2020,地區醫院,加護病房,>=10床,52,呼吸器相關肺炎,69,呼吸器,"57,964","157,443"
2020,醫學中心,加護病房,內科ICU,46,導尿管相關泌尿道感染,481,導尿管,"158,278","225,074"
2020,醫學中心,加護病房,外科ICU,66,導尿管相關泌尿道感染,415,導尿管,"188,260","243,957"
2020,醫學中心,加護病房,心臟科ICU,14,導尿管相關泌尿道感染,112,導尿管,"34,601","63,347"
2020,醫學中心,加護病房,兒科ICU,42,導尿管相關泌尿道感染,14,導尿管,"12,068","170,896"
2020,醫學中心,加護病房,綜合科ICU,22,導尿管相關泌尿道感染,197,導尿管,"66,387","104,973"
2020,區域醫院,加護病房,內科ICU,48,導尿管相關泌尿道感染,356,導尿管,"152,673","241,404"
2020,區域醫院,加護病房,外科ICU,46,導尿管相關泌尿道感染,336,導尿管,"124,938","168,673"
2020,區域醫院,加護病房,心臟科ICU,12,導尿管相關泌尿道感染,64,導尿管,"19,350","33,817"
2020,區域醫院,加護病房,兒科ICU,64,導尿管相關泌尿道感染,4,導尿管,875,"50,461"
2020,區域醫院,加護病房,綜合科ICU,90,導尿管相關泌尿道感染,553,導尿管,"240,000","334,326"
2020,地區醫院,加護病房,<10床,60,導尿管相關泌尿道感染,66,導尿管,"37,921","57,313"
2020,地區醫院,加護病房,>=10床,52,導尿管相關泌尿道感染,193,導尿管,"106,512","157,443"
2019,醫學中心,加護病房,內科ICU,47,中心導管相關血流感染,592,中心導管,"134,647","232,072"
2019,醫學中心,加護病房,外科ICU,64,中心導管相關血流感染,514,中心導管,"154,750","249,176"
2019,醫學中心,加護病房,心臟科ICU,15,中心導管相關血流感染,106,中心導管,"31,924","66,455"
2019,醫學中心,加護病房,兒科ICU,43,中心導管相關血流感染,142,中心導管,"70,021","172,733"
2019,醫學中心,加護病房,綜合科ICU,23,中心導管相關血流感染,283,中心導管,"67,913","126,404"
2019,區域醫院,加護病房,內科ICU,52,中心導管相關血流感染,320,中心導管,"111,666","252,806"
2019,區域醫院,加護病房,外科ICU,48,中心導管相關血流感染,230,中心導管,"84,266","169,707"
2019,區域醫院,加護病房,心臟科ICU,11,中心導管相關血流感染,32,中心導管,"11,378","27,955"
2019,區域醫院,加護病房,兒科ICU,67,中心導管相關血流感染,14,中心導管,"8,956","54,960"
2019,區域醫院,加護病房,綜合科ICU,90,中心導管相關血流感染,411,中心導管,"157,912","355,953"
2019,地區醫院,加護病房,<10床,74,中心導管相關血流感染,54,中心導管,"23,056","77,141"
2019,地區醫院,加護病房,>=10床,56,中心導管相關血流感染,100,中心導管,"61,924","183,835"
2019,醫學中心,加護病房,內科ICU,47,呼吸器相關肺炎,80,呼吸器,"154,194","232,072"
2019,醫學中心,加護病房,外科ICU,64,呼吸器相關肺炎,106,呼吸器,"143,986","249,176"
2019,醫學中心,加護病房,心臟科ICU,15,呼吸器相關肺炎,7,呼吸器,"28,571","66,455"
2019,醫學中心,加護病房,兒科ICU,43,呼吸器相關肺炎,25,呼吸器,"40,889","173,192"
2019,醫學中心,加護病房,綜合科ICU,23,呼吸器相關肺炎,72,呼吸器,"75,709","126,096"
2019,區域醫院,加護病房,內科ICU,52,呼吸器相關肺炎,51,呼吸器,"121,924","252,806"
2019,區域醫院,加護病房,外科ICU,48,呼吸器相關肺炎,97,呼吸器,"89,844","169,707"
2019,區域醫院,加護病房,心臟科ICU,11,呼吸器相關肺炎,4,呼吸器,"9,565","27,955"
2019,區域醫院,加護病房,兒科ICU,67,呼吸器相關肺炎,6,呼吸器,"7,635","54,654"
2019,區域醫院,加護病房,綜合科ICU,90,呼吸器相關肺炎,154,呼吸器,"159,454","356,861"
2019,地區醫院,加護病房,<10床,74,呼吸器相關肺炎,39,呼吸器,"27,769","77,040"
2019,地區醫院,加護病房,>=10床,56,呼吸器相關肺炎,64,呼吸器,"66,464","183,203"
2019,醫學中心,加護病房,內科ICU,47,導尿管相關泌尿道感染,630,導尿管,"163,256","232,072"
2019,醫學中心,加護病房,外科ICU,64,導尿管相關泌尿道感染,489,導尿管,"193,934","249,176"
2019,醫學中心,加護病房,心臟科ICU,15,導尿管相關泌尿道感染,100,導尿管,"34,915","66,455"
2019,醫學中心,加護病房,兒科ICU,43,導尿管相關泌尿道感染,19,導尿管,"13,898","171,510"
2019,醫學中心,加護病房,綜合科ICU,23,導尿管相關泌尿道感染,249,導尿管,"87,703","125,521"
2019,區域醫院,加護病房,內科ICU,52,導尿管相關泌尿道感染,386,導尿管,"161,401","252,569"
2019,區域醫院,加護病房,外科ICU,48,導尿管相關泌尿道感染,333,導尿管,"127,541","169,414"
2019,區域醫院,加護病房,心臟科ICU,11,導尿管相關泌尿道感染,56,導尿管,"16,435","27,955"
2019,區域醫院,加護病房,兒科ICU,67,導尿管相關泌尿道感染,3,導尿管,"1,328","54,751"
2019,區域醫院,加護病房,綜合科ICU,90,導尿管相關泌尿道感染,631,導尿管,"255,093","355,566"
2019,地區醫院,加護病房,<10床,74,導尿管相關泌尿道感染,62,導尿管,"50,577","76,818"
2019,地區醫院,加護病房,>=10床,56,導尿管相關泌尿道感染,199,導尿管,"121,397","183,132"
2018,醫學中心,加護病房,內科ICU,48,中心導管相關血流感染,559,中心導管,"125,586","227,606"
2018,醫學中心,加護病房,外科ICU,66,中心導管相關血流感染,562,中心導管,"146,501","244,418"
2018,醫學中心,加護病房,心臟科ICU,16,中心導管相關血流感染,107,中心導管,"28,483","61,353"
2018,醫學中心,加護病房,兒科ICU,43,中心導管相關血流感染,168,中心導管,"71,946","169,394"
2018,醫學中心,加護病房,綜合科ICU,25,中心導管相關血流感染,230,中心導管,"64,269","125,183"
2018,區域醫院,加護病房,內科ICU,56,中心導管相關血流感染,282,中心導管,"108,791","245,828"
2018,區域醫院,加護病房,外科ICU,50,中心導管相關血流感染,219,中心導管,"81,244","166,645"
2018,區域醫院,加護病房,心臟科ICU,11,中心導管相關血流感染,45,中心導管,"11,078","28,669"
2018,區域醫院,加護病房,兒科ICU,70,中心導管相關血流感染,21,中心導管,"9,469","58,407"
2018,區域醫院,加護病房,綜合科ICU,91,中心導管相關血流感染,405,中心導管,"164,412","372,059"
2018,地區醫院,加護病房,<10床,65,中心導管相關血流感染,40,中心導管,"21,522","68,176"
2018,地區醫院,加護病房,>=10床,51,中心導管相關血流感染,66,中心導管,"52,981","165,661"
2018,醫學中心,加護病房,內科ICU,48,呼吸器相關肺炎,48,呼吸器,"147,907","227,606"
2018,醫學中心,加護病房,外科ICU,66,呼吸器相關肺炎,93,呼吸器,"141,371","246,097"
2018,醫學中心,加護病房,心臟科ICU,16,呼吸器相關肺炎,7,呼吸器,"26,348","61,606"
2018,醫學中心,加護病房,兒科ICU,43,呼吸器相關肺炎,24,呼吸器,"39,286","169,394"
2018,醫學中心,加護病房,綜合科ICU,25,呼吸器相關肺炎,66,呼吸器,"74,441","125,183"
2018,區域醫院,加護病房,內科ICU,56,呼吸器相關肺炎,66,呼吸器,"119,042","245,828"
2018,區域醫院,加護病房,外科ICU,50,呼吸器相關肺炎,89,呼吸器,"89,044","166,645"
2018,區域醫院,加護病房,心臟科ICU,11,呼吸器相關肺炎,3,呼吸器,"9,137","28,669"
2018,區域醫院,加護病房,兒科ICU,70,呼吸器相關肺炎,3,呼吸器,"6,793","58,407"
2018,區域醫院,加護病房,綜合科ICU,91,呼吸器相關肺炎,212,呼吸器,"173,464","372,271"
2018,地區醫院,加護病房,<10床,65,呼吸器相關肺炎,23,呼吸器,"28,655","68,108"
2018,地區醫院,加護病房,>=10床,51,呼吸器相關肺炎,66,呼吸器,"63,838","165,661"
2018,醫學中心,加護病房,內科ICU,48,導尿管相關泌尿道感染,572,導尿管,"157,548","227,099"
2018,醫學中心,加護病房,外科ICU,66,導尿管相關泌尿道感染,539,導尿管,"185,269","240,133"
2018,醫學中心,加護病房,心臟科ICU,16,導尿管相關泌尿道感染,107,導尿管,"33,309","61,353"
2018,醫學中心,加護病房,兒科ICU,43,導尿管相關泌尿道感染,25,導尿管,"12,703","169,394"
2018,醫學中心,加護病房,綜合科ICU,25,導尿管相關泌尿道感染,185,導尿管,"88,756","124,632"
2018,區域醫院,加護病房,內科ICU,56,導尿管相關泌尿道感染,374,導尿管,"161,459","245,828"
2018,區域醫院,加護病房,外科ICU,50,導尿管相關泌尿道感染,355,導尿管,"125,028","166,645"
2018,區域醫院,加護病房,心臟科ICU,11,導尿管相關泌尿道感染,42,導尿管,"15,865","28,669"
2018,區域醫院,加護病房,兒科ICU,70,導尿管相關泌尿道感染,3,導尿管,"1,307","58,262"
2018,區域醫院,加護病房,綜合科ICU,91,導尿管相關泌尿道感染,607,導尿管,"264,516","368,962"
2018,地區醫院,加護病房,<10床,65,導尿管相關泌尿道感染,63,導尿管,"45,295","68,177"
2018,地區醫院,加護病房,>=10床,51,導尿管相關泌尿道感染,176,導尿管,"108,003","165,144"
2017,醫學中心,加護病房,內科ICU,46,中心導管相關血流感染,505,中心導管,"117,900","224,420"
2017,醫學中心,加護病房,外科ICU,67,中心導管相關血流感染,430,中心導管,"145,233","241,642"
2017,醫學中心,加護病房,心臟科ICU,14,中心導管相關血流感染,97,中心導管,"25,717","59,578"
2017,醫學中心,加護病房,兒科ICU,43,中心導管相關血流感染,175,中心導管,"68,708","167,815"
2017,醫學中心,加護病房,綜合科ICU,24,中心導管相關血流感染,210,中心導管,"67,902","124,249"
2017,區域醫院,加護病房,內科ICU,53,中心導管相關血流感染,309,中心導管,"101,161","240,221"
2017,區域醫院,加護病房,外科ICU,48,中心導管相關血流感染,215,中心導管,"76,735","160,252"
2017,區域醫院,加護病房,心臟科ICU,10,中心導管相關血流感染,34,中心導管,"10,688","28,493"
2017,區域醫院,加護病房,兒科ICU,67,中心導管相關血流感染,20,中心導管,"10,256","56,106"
2017,區域醫院,加護病房,綜合科ICU,94,中心導管相關血流感染,374,中心導管,"153,669","370,457"
2017,地區醫院,加護病房,<10床,64,中心導管相關血流感染,36,中心導管,"21,920","75,475"
2017,地區醫院,加護病房,>=10床,49,中心導管相關血流感染,60,中心導管,"43,270","147,196"
2017,醫學中心,加護病房,內科ICU,46,呼吸器相關肺炎,30,呼吸器,"140,177","224,969"
2017,醫學中心,加護病房,外科ICU,67,呼吸器相關肺炎,86,呼吸器,"137,451","241,642"
2017,醫學中心,加護病房,心臟科ICU,14,呼吸器相關肺炎,5,呼吸器,"24,655","59,578"
2017,醫學中心,加護病房,兒科ICU,43,呼吸器相關肺炎,15,呼吸器,"41,194","167,815"
2017,醫學中心,加護病房,綜合科ICU,24,呼吸器相關肺炎,50,呼吸器,"74,955","123,818"
2017,區域醫院,加護病房,內科ICU,53,呼吸器相關肺炎,65,呼吸器,"115,374","240,221"
2017,區域醫院,加護病房,外科ICU,48,呼吸器相關肺炎,121,呼吸器,"83,633","160,267"
2017,區域醫院,加護病房,心臟科ICU,10,呼吸器相關肺炎,1,呼吸器,"9,300","28,493"
2017,區域醫院,加護病房,兒科ICU,67,呼吸器相關肺炎,8,呼吸器,"7,791","56,238"
2017,區域醫院,加護病房,綜合科ICU,94,呼吸器相關肺炎,207,呼吸器,"166,944","370,369"
2017,地區醫院,加護病房,<10床,64,呼吸器相關肺炎,34,呼吸器,"29,891","75,606"
2017,地區醫院,加護病房,>=10床,49,呼吸器相關肺炎,63,呼吸器,"55,163","146,912"
2017,醫學中心,加護病房,內科ICU,46,導尿管相關泌尿道感染,527,導尿管,"148,405","224,969"
2017,醫學中心,加護病房,外科ICU,67,導尿管相關泌尿道感染,502,導尿管,"187,570","241,373"
2017,醫學中心,加護病房,心臟科ICU,14,導尿管相關泌尿道感染,96,導尿管,"30,852","59,578"
2017,醫學中心,加護病房,兒科ICU,43,導尿管相關泌尿道感染,36,導尿管,"11,768","167,240"
2017,醫學中心,加護病房,綜合科ICU,24,導尿管相關泌尿道感染,238,導尿管,"86,670","124,249"
2017,區域醫院,加護病房,內科ICU,53,導尿管相關泌尿道感染,347,導尿管,"158,018","240,221"
2017,區域醫院,加護病房,外科ICU,48,導尿管相關泌尿道感染,315,導尿管,"119,904","160,171"
2017,區域醫院,加護病房,心臟科ICU,10,導尿管相關泌尿道感染,50,導尿管,"16,255","28,247"
2017,區域醫院,加護病房,兒科ICU,67,導尿管相關泌尿道感染,0,導尿管,"1,422","56,316"
2017,區域醫院,加護病房,綜合科ICU,94,導尿管相關泌尿道感染,614,導尿管,"260,073","370,400"
2017,地區醫院,加護病房,<10床,64,導尿管相關泌尿道感染,55,導尿管,"46,427","75,424"
2017,地區醫院,加護病房,>=10床,49,導尿管相關泌尿道感染,179,導尿管,"95,405","146,868"
2016,醫學中心,加護病房,內科ICU,55,中心導管相關血流感染,692,中心導管,"131,199","249,132"
2016,醫學中心,加護病房,外科ICU,65,中心導管相關血流感染,565,中心導管,"159,406","269,802"
2016,醫學中心,加護病房,心臟科ICU,14,中心導管相關血流感染,154,中心導管,"24,658","62,128"
2016,醫學中心,加護病房,兒科ICU,43,中心導管相關血流感染,186,中心導管,"67,399","164,666"
2016,醫學中心,加護病房,綜合科ICU,18,中心導管相關血流感染,120,中心導管,"30,943","66,779"
2016,區域醫院,加護病房,內科ICU,58,中心導管相關血流感染,316,中心導管,"106,918","256,874"
2016,區域醫院,加護病房,外科ICU,48,中心導管相關血流感染,215,中心導管,"80,498","166,090"
2016,區域醫院,加護病房,心臟科ICU,11,中心導管相關血流感染,47,中心導管,"18,001","38,722"
2016,區域醫院,加護病房,兒科ICU,64,中心導管相關血流感染,17,中心導管,"9,115","53,481"
2016,區域醫院,加護病房,綜合科ICU,86,中心導管相關血流感染,506,中心導管,"146,082","353,045"
2016,地區醫院,加護病房,<10床,69,中心導管相關血流感染,40,中心導管,"23,696","76,704"
2016,地區醫院,加護病房,>=10床,49,中心導管相關血流感染,80,中心導管,"46,522","152,748"
2016,醫學中心,加護病房,內科ICU,55,呼吸器相關肺炎,62,呼吸器,"162,526","249,132"
2016,醫學中心,加護病房,外科ICU,65,呼吸器相關肺炎,147,呼吸器,"158,391","270,256"
2016,醫學中心,加護病房,心臟科ICU,14,呼吸器相關肺炎,21,呼吸器,"26,656","62,128"
2016,醫學中心,加護病房,兒科ICU,43,呼吸器相關肺炎,30,呼吸器,"44,767","164,666"
2016,醫學中心,加護病房,綜合科ICU,18,呼吸器相關肺炎,16,呼吸器,"39,153","66,779"
2016,區域醫院,加護病房,內科ICU,58,呼吸器相關肺炎,85,呼吸器,"132,983","257,075"
2016,區域醫院,加護病房,外科ICU,48,呼吸器相關肺炎,131,呼吸器,"86,659","166,281"
2016,區域醫院,加護病房,心臟科ICU,11,呼吸器相關肺炎,7,呼吸器,"13,737","38,722"
2016,區域醫院,加護病房,兒科ICU,64,呼吸器相關肺炎,1,呼吸器,"9,251","53,489"
2016,區域醫院,加護病房,綜合科ICU,86,呼吸器相關肺炎,236,呼吸器,"179,484","352,907"
2016,地區醫院,加護病房,<10床,69,呼吸器相關肺炎,40,呼吸器,"33,819","76,738"
2016,地區醫院,加護病房,>=10床,49,呼吸器相關肺炎,88,呼吸器,"64,390","152,410"
2016,醫學中心,加護病房,內科ICU,55,導尿管相關泌尿道感染,644,導尿管,"167,885","248,900"
2016,醫學中心,加護病房,外科ICU,65,導尿管相關泌尿道感染,604,導尿管,"209,661","269,571"
2016,醫學中心,加護病房,心臟科ICU,14,導尿管相關泌尿道感染,93,導尿管,"32,483","62,128"
2016,醫學中心,加護病房,兒科ICU,43,導尿管相關泌尿道感染,44,導尿管,"15,179","164,666"
2016,醫學中心,加護病房,綜合科ICU,18,導尿管相關泌尿道感染,165,導尿管,"45,606","66,779"
2016,區域醫院,加護病房,內科ICU,58,導尿管相關泌尿道感染,366,導尿管,"170,775","256,214"
2016,區域醫院,加護病房,外科ICU,48,導尿管相關泌尿道感染,372,導尿管,"125,142","166,006"
2016,區域醫院,加護病房,心臟科ICU,11,導尿管相關泌尿道感染,60,導尿管,"23,897","38,722"
2016,區域醫院,加護病房,兒科ICU,64,導尿管相關泌尿道感染,3,導尿管,"1,348","53,489"
2016,區域醫院,加護病房,綜合科ICU,86,導尿管相關泌尿道感染,613,導尿管,"250,432","352,738"
2016,地區醫院,加護病房,<10床,69,導尿管相關泌尿道感染,65,導尿管,"48,861","76,959"
2016,地區醫院,加護病房,>=10床,49,導尿管相關泌尿道感染,153,導尿管,"100,163","151,971"
2015,醫學中心,加護病房,內科ICU,54,中心導管相關血流感染,657,中心導管,"127,398","252,966"
2015,醫學中心,加護病房,外科ICU,63,中心導管相關血流感染,584,中心導管,"160,329","273,299"
2015,醫學中心,加護病房,心臟科ICU,16,中心導管相關血流感染,145,中心導管,"23,773","63,717"
2015,醫學中心,加護病房,兒科ICU,43,中心導管相關血流感染,157,中心導管,"59,946","160,375"
2015,醫學中心,加護病房,綜合科ICU,28,中心導管相關血流感染,196,中心導管,"37,365","74,613"
2015,區域醫院,加護病房,內科ICU,61,中心導管相關血流感染,330,中心導管,"105,114","255,329"
2015,區域醫院,加護病房,外科ICU,46,中心導管相關血流感染,251,中心導管,"88,782","172,975"
2015,區域醫院,加護病房,心臟科ICU,13,中心導管相關血流感染,53,中心導管,"17,163","40,766"
2015,區域醫院,加護病房,兒科ICU,62,中心導管相關血流感染,23,中心導管,"7,984","54,883"
2015,區域醫院,加護病房,綜合科ICU,89,中心導管相關血流感染,413,中心導管,"133,275","336,324"
2015,地區醫院,加護病房,<10床,63,中心導管相關血流感染,42,中心導管,"22,843","73,996"
2015,地區醫院,加護病房,>=10床,49,中心導管相關血流感染,83,中心導管,"50,638","152,791"
2015,醫學中心,加護病房,內科ICU,54,呼吸器相關肺炎,116,呼吸器,"167,682","253,297"
2015,醫學中心,加護病房,外科ICU,63,呼吸器相關肺炎,198,呼吸器,"160,957","273,299"
2015,醫學中心,加護病房,心臟科ICU,16,呼吸器相關肺炎,9,呼吸器,"27,414","63,717"
2015,醫學中心,加護病房,兒科ICU,43,呼吸器相關肺炎,33,呼吸器,"43,131","164,389"
2015,醫學中心,加護病房,綜合科ICU,28,呼吸器相關肺炎,32,呼吸器,"41,856","74,562"
2015,區域醫院,加護病房,內科ICU,61,呼吸器相關肺炎,127,呼吸器,"131,291","255,421"
2015,區域醫院,加護病房,外科ICU,46,呼吸器相關肺炎,158,呼吸器,"90,381","173,423"
2015,區域醫院,加護病房,心臟科ICU,13,呼吸器相關肺炎,5,呼吸器,"14,540","40,766"
2015,區域醫院,加護病房,兒科ICU,62,呼吸器相關肺炎,3,呼吸器,"11,447","55,005"
2015,區域醫院,加護病房,綜合科ICU,89,呼吸器相關肺炎,290,呼吸器,"172,170","336,324"
2015,地區醫院,加護病房,<10床,63,呼吸器相關肺炎,51,呼吸器,"37,322","73,833"
2015,地區醫院,加護病房,>=10床,49,呼吸器相關肺炎,85,呼吸器,"69,087","152,744"
2015,醫學中心,加護病房,內科ICU,54,導尿管相關泌尿道感染,775,導尿管,"175,441","253,008"
2015,醫學中心,加護病房,外科ICU,63,導尿管相關泌尿道感染,655,導尿管,"211,414","273,299"
2015,醫學中心,加護病房,心臟科ICU,16,導尿管相關泌尿道感染,126,導尿管,"32,691","63,717"
2015,醫學中心,加護病房,兒科ICU,43,導尿管相關泌尿道感染,27,導尿管,"10,155","164,507"
2015,醫學中心,加護病房,綜合科ICU,28,導尿管相關泌尿道感染,140,導尿管,"52,018","74,435"
2015,區域醫院,加護病房,內科ICU,60,導尿管相關泌尿道感染,405,導尿管,"167,778","255,329"
2015,區域醫院,加護病房,外科ICU,46,導尿管相關泌尿道感染,385,導尿管,"133,842","172,057"
2015,區域醫院,加護病房,心臟科ICU,13,導尿管相關泌尿道感染,47,導尿管,"24,493","40,766"
2015,區域醫院,加護病房,兒科ICU,62,導尿管相關泌尿道感染,1,導尿管,"1,454","54,799"
2015,區域醫院,加護病房,綜合科ICU,89,導尿管相關泌尿道感染,612,導尿管,"238,532","336,140"
2015,地區醫院,加護病房,<10床,63,導尿管相關泌尿道感染,60,導尿管,"48,284","73,981"
2015,地區醫院,加護病房,>=10床,49,導尿管相關泌尿道感染,225,導尿管,"101,832","151,931"
2014,醫學中心,加護病房,內科ICU,50,中心導管相關血流感染,619,中心導管,"112,817","228,324"
2014,醫學中心,加護病房,外科ICU,57,中心導管相關血流感染,632,中心導管,"148,136","254,764"
2014,醫學中心,加護病房,心臟科ICU,14,中心導管相關血流感染,91,中心導管,"20,437","58,261"
2014,醫學中心,加護病房,兒科ICU,47,中心導管相關血流感染,163,中心導管,"55,804","142,396"
2014,醫學中心,加護病房,綜合科ICU,27,中心導管相關血流感染,165,中心導管,"36,686","75,874"
2014,區域醫院,加護病房,內科ICU,58,中心導管相關血流感染,335,中心導管,"99,894","262,691"
2014,區域醫院,加護病房,外科ICU,45,中心導管相關血流感染,250,中心導管,"83,070","175,393"
2014,區域醫院,加護病房,心臟科ICU,13,中心導管相關血流感染,50,中心導管,"17,748","44,617"
2014,區域醫院,加護病房,兒科ICU,63,中心導管相關血流感染,24,中心導管,"8,907","51,102"
2014,區域醫院,加護病房,綜合科ICU,91,中心導管相關血流感染,417,中心導管,"134,030","340,109"
2014,地區醫院,加護病房,<10床,64,中心導管相關血流感染,27,中心導管,"21,952","67,528"
2014,地區醫院,加護病房,>=10床,50,中心導管相關血流感染,112,中心導管,"53,296","151,975"
2014,醫學中心,加護病房,內科ICU,49,呼吸器相關肺炎,99,呼吸器,"150,028","228,324"
2014,醫學中心,加護病房,外科ICU,57,呼吸器相關肺炎,200,呼吸器,"150,998","254,877"
2014,醫學中心,加護病房,心臟科ICU,14,呼吸器相關肺炎,13,呼吸器,"25,161","58,261"
2014,醫學中心,加護病房,兒科ICU,47,呼吸器相關肺炎,35,呼吸器,"39,780","146,742"
2014,醫學中心,加護病房,綜合科ICU,27,呼吸器相關肺炎,31,呼吸器,"42,001","75,371"
2014,區域醫院,加護病房,內科ICU,58,呼吸器相關肺炎,102,呼吸器,"141,412","262,906"
2014,區域醫院,加護病房,外科ICU,45,呼吸器相關肺炎,172,呼吸器,"94,233","175,668"
2014,區域醫院,加護病房,心臟科ICU,13,呼吸器相關肺炎,10,呼吸器,"16,829","44,617"
2014,區域醫院,加護病房,兒科ICU,63,呼吸器相關肺炎,6,呼吸器,"12,091","50,962"
2014,區域醫院,加護病房,綜合科ICU,91,呼吸器相關肺炎,227,呼吸器,"183,271","340,187"
2014,地區醫院,加護病房,<10床,64,呼吸器相關肺炎,60,呼吸器,"35,043","67,208"
2014,地區醫院,加護病房,>=10床,50,呼吸器相關肺炎,114,呼吸器,"76,835","151,975"
2014,醫學中心,加護病房,內科ICU,49,導尿管相關泌尿道感染,740,導尿管,"160,581","226,878"
2014,醫學中心,加護病房,外科ICU,57,導尿管相關泌尿道感染,716,導尿管,"198,765","254,782"
2014,醫學中心,加護病房,心臟科ICU,14,導尿管相關泌尿道感染,122,導尿管,"30,319","57,970"
2014,醫學中心,加護病房,兒科ICU,47,導尿管相關泌尿道感染,26,導尿管,"7,284","148,746"
2014,醫學中心,加護病房,綜合科ICU,27,導尿管相關泌尿道感染,118,導尿管,"51,435","74,275"
2014,區域醫院,加護病房,內科ICU,58,導尿管相關泌尿道感染,443,導尿管,"173,532","261,840"
2014,區域醫院,加護病房,外科ICU,45,導尿管相關泌尿道感染,434,導尿管,"135,730","174,246"
2014,區域醫院,加護病房,心臟科ICU,13,導尿管相關泌尿道感染,61,導尿管,"26,024","43,938"
2014,區域醫院,加護病房,兒科ICU,63,導尿管相關泌尿道感染,4,導尿管,"1,475","50,746"
2014,區域醫院,加護病房,綜合科ICU,91,導尿管相關泌尿道感染,677,導尿管,"240,068","338,433"
2014,地區醫院,加護病房,<10床,64,導尿管相關泌尿道感染,53,導尿管,"45,542","67,324"
2014,地區醫院,加護病房,>=10床,50,導尿管相關泌尿道感染,200,導尿管,"106,033","151,049"
2013,醫學中心,加護病房,內科ICU,48,中心導管相關血流感染,629,中心導管,"107,690","211,779"
2013,醫學中心,加護病房,外科ICU,61,中心導管相關血流感染,663,中心導管,"150,157","257,493"
2013,醫學中心,加護病房,心臟科ICU,14,中心導管相關血流感染,125,中心導管,"20,668","57,455"
2013,醫學中心,加護病房,兒科ICU,41,中心導管相關血流感染,117,中心導管,"43,348","126,379"
2013,醫學中心,加護病房,綜合科ICU,27,中心導管相關血流感染,195,中心導管,"38,561","78,697"
2013,區域醫院,加護病房,內科ICU,65,中心導管相關血流感染,385,中心導管,"103,172","283,161"
2013,區域醫院,加護病房,外科ICU,44,中心導管相關血流感染,243,中心導管,"79,729","169,131"
2013,區域醫院,加護病房,心臟科ICU,13,中心導管相關血流感染,49,中心導管,"17,987","45,895"
2013,區域醫院,加護病房,兒科ICU,60,中心導管相關血流感染,19,中心導管,"7,778","50,564"
2013,區域醫院,加護病房,綜合科ICU,84,中心導管相關血流感染,429,中心導管,"135,247","338,632"
2013,地區醫院,加護病房,<10床,64,中心導管相關血流感染,30,中心導管,"21,434","68,714"
2013,地區醫院,加護病房,>=10床,48,中心導管相關血流感染,126,中心導管,"52,402","154,813"
2013,醫學中心,加護病房,內科ICU,48,呼吸器相關肺炎,100,呼吸器,"139,661","211,411"
2013,醫學中心,加護病房,外科ICU,61,呼吸器相關肺炎,203,呼吸器,"145,131","256,053"
2013,醫學中心,加護病房,心臟科ICU,14,呼吸器相關肺炎,18,呼吸器,"23,346","57,455"
2013,醫學中心,加護病房,兒科ICU,41,呼吸器相關肺炎,34,呼吸器,"28,149","125,806"
2013,醫學中心,加護病房,綜合科ICU,27,呼吸器相關肺炎,22,呼吸器,"42,144","77,651"
2013,區域醫院,加護病房,內科ICU,65,呼吸器相關肺炎,147,呼吸器,"150,737","282,859"
2013,區域醫院,加護病房,外科ICU,44,呼吸器相關肺炎,200,呼吸器,"88,227","169,131"
2013,區域醫院,加護病房,心臟科ICU,13,呼吸器相關肺炎,18,呼吸器,"17,352","45,895"
2013,區域醫院,加護病房,兒科ICU,58,呼吸器相關肺炎,7,呼吸器,"11,801","49,614"
2013,區域醫院,加護病房,綜合科ICU,86,呼吸器相關肺炎,332,呼吸器,"181,142","344,209"
2013,地區醫院,加護病房,<10床,64,呼吸器相關肺炎,46,呼吸器,"34,820","67,335"
2013,地區醫院,加護病房,>=10床,48,呼吸器相關肺炎,142,呼吸器,"81,442","154,190"
2013,醫學中心,加護病房,內科ICU,48,導尿管相關泌尿道感染,760,導尿管,"152,771","211,552"
2013,醫學中心,加護病房,外科ICU,61,導尿管相關泌尿道感染,778,導尿管,"202,908","256,402"
2013,醫學中心,加護病房,心臟科ICU,14,導尿管相關泌尿道感染,136,導尿管,"28,808","57,455"
2013,醫學中心,加護病房,兒科ICU,41,導尿管相關泌尿道感染,20,導尿管,"7,061","126,010"
2013,醫學中心,加護病房,綜合科ICU,27,導尿管相關泌尿道感染,178,導尿管,"54,201","77,537"
2013,區域醫院,加護病房,內科ICU,65,導尿管相關泌尿道感染,477,導尿管,"183,801","282,880"
2013,區域醫院,加護病房,外科ICU,44,導尿管相關泌尿道感染,379,導尿管,"128,988","168,754"
2013,區域醫院,加護病房,心臟科ICU,13,導尿管相關泌尿道感染,66,導尿管,"27,708","45,895"
2013,區域醫院,加護病房,兒科ICU,58,導尿管相關泌尿道感染,4,導尿管,"1,522","49,742"
2013,區域醫院,加護病房,綜合科ICU,86,導尿管相關泌尿道感染,684,導尿管,"235,541","343,940"
2013,地區醫院,加護病房,<10床,64,導尿管相關泌尿道感染,59,導尿管,"45,460","68,527"
2013,地區醫院,加護病房,>=10床,48,導尿管相關泌尿道感染,232,導尿管,"107,135","151,234"
2012,醫學中心,加護病房,內科ICU,52,中心導管相關血流感染,746,中心導管,"119,578","235,278"
2012,醫學中心,加護病房,外科ICU,63,中心導管相關血流感染,724,中心導管,"151,016","252,722"
2012,醫學中心,加護病房,心臟科ICU,14,中心導管相關血流感染,172,中心導管,"21,962","59,263"
2012,醫學中心,加護病房,兒科ICU,42,中心導管相關血流感染,243,中心導管,"61,287","165,882"
2012,醫學中心,加護病房,綜合科ICU,15,中心導管相關血流感染,208,中心導管,"28,877","64,316"
2012,區域醫院,加護病房,內科ICU,59,中心導管相關血流感染,407,中心導管,"94,368","254,891"
2012,區域醫院,加護病房,外科ICU,45,中心導管相關血流感染,287,中心導管,"79,381","164,779"
2012,區域醫院,加護病房,心臟科ICU,12,中心導管相關血流感染,32,中心導管,"12,401","35,363"
2012,區域醫院,加護病房,兒科ICU,61,中心導管相關血流感染,15,中心導管,"7,460","54,258"
2012,區域醫院,加護病房,綜合科ICU,90,中心導管相關血流感染,503,中心導管,"161,321","384,279"
2012,醫學中心,加護病房,內科ICU,52,呼吸器相關肺炎,78,呼吸器,"160,103","235,278"
2012,醫學中心,加護病房,外科ICU,63,呼吸器相關肺炎,312,呼吸器,"144,837","252,722"
2012,醫學中心,加護病房,心臟科ICU,14,呼吸器相關肺炎,26,呼吸器,"26,075","59,263"
2012,醫學中心,加護病房,兒科ICU,42,呼吸器相關肺炎,50,呼吸器,"43,081","165,882"
2012,醫學中心,加護病房,綜合科ICU,15,呼吸器相關肺炎,21,呼吸器,"41,260","64,316"
2012,區域醫院,加護病房,內科ICU,58,呼吸器相關肺炎,162,呼吸器,"145,312","254,358"
2012,區域醫院,加護病房,外科ICU,45,呼吸器相關肺炎,233,呼吸器,"89,081","164,779"
2012,區域醫院,加護病房,心臟科ICU,12,呼吸器相關肺炎,5,呼吸器,"14,822","35,363"
2012,區域醫院,加護病房,兒科ICU,61,呼吸器相關肺炎,8,呼吸器,"9,916","54,208"
2012,區域醫院,加護病房,綜合科ICU,90,呼吸器相關肺炎,434,呼吸器,"214,052","383,516"
2012,醫學中心,加護病房,內科ICU,52,導尿管相關泌尿道感染,859,導尿管,"163,682","234,853"
2012,醫學中心,加護病房,外科ICU,63,導尿管相關泌尿道感染,784,導尿管,"198,549","252,426"
2012,醫學中心,加護病房,心臟科ICU,14,導尿管相關泌尿道感染,152,導尿管,"29,597","59,263"
2012,醫學中心,加護病房,兒科ICU,42,導尿管相關泌尿道感染,52,導尿管,"11,603","165,882"
2012,醫學中心,加護病房,綜合科ICU,15,導尿管相關泌尿道感染,221,導尿管,"44,633","64,316"
2012,區域醫院,加護病房,內科ICU,59,導尿管相關泌尿道感染,485,導尿管,"168,271","255,111"
2012,區域醫院,加護病房,外科ICU,45,導尿管相關泌尿道感染,378,導尿管,"129,752","164,504"
2012,區域醫院,加護病房,心臟科ICU,12,導尿管相關泌尿道感染,38,導尿管,"19,857","35,363"
2012,區域醫院,加護病房,兒科ICU,61,導尿管相關泌尿道感染,2,導尿管,"1,507","54,304"
2012,區域醫院,加護病房,綜合科ICU,90,導尿管相關泌尿道感染,853,導尿管,"269,842","384,071"
2011,醫學中心,加護病房,內科ICU,51,中心導管相關血流感染,837,中心導管,"125,978","238,338"
2011,醫學中心,加護病房,外科ICU,68,中心導管相關血流感染,742,中心導管,"164,274","270,818"
2011,醫學中心,加護病房,心臟科ICU,14,中心導管相關血流感染,191,中心導管,"25,783","63,864"
2011,醫學中心,加護病房,兒科ICU,37,中心導管相關血流感染,193,中心導管,"57,211","146,298"
2011,醫學中心,加護病房,綜合科ICU,16,中心導管相關血流感染,225,中心導管,"38,054","74,675"
2011,區域醫院,加護病房,內科ICU,64,中心導管相關血流感染,446,中心導管,"112,925","287,083"
2011,區域醫院,加護病房,外科ICU,49,中心導管相關血流感染,278,中心導管,"85,561","177,543"
2011,區域醫院,加護病房,心臟科ICU,12,中心導管相關血流感染,38,中心導管,"12,723","37,392"
2011,區域醫院,加護病房,兒科ICU,33,中心導管相關血流感染,25,中心導管,"6,825","32,860"
2011,區域醫院,加護病房,綜合科ICU,86,中心導管相關血流感染,508,中心導管,"147,976","361,248"
2011,醫學中心,加護病房,內科ICU,51,呼吸器相關肺炎,143,呼吸器,"164,714","238,338"
2011,醫學中心,加護病房,外科ICU,68,呼吸器相關肺炎,330,呼吸器,"157,669","270,818"
2011,醫學中心,加護病房,心臟科ICU,14,呼吸器相關肺炎,36,呼吸器,"29,215","63,864"
2011,醫學中心,加護病房,兒科ICU,36,呼吸器相關肺炎,38,呼吸器,"42,955","145,027"
2011,醫學中心,加護病房,綜合科ICU,16,呼吸器相關肺炎,31,呼吸器,"49,731","74,675"
2011,區域醫院,加護病房,內科ICU,64,呼吸器相關肺炎,266,呼吸器,"166,039","287,083"
2011,區域醫院,加護病房,外科ICU,48,呼吸器相關肺炎,238,呼吸器,"99,313","177,528"
2011,區域醫院,加護病房,心臟科ICU,12,呼吸器相關肺炎,22,呼吸器,"16,620","37,392"
2011,區域醫院,加護病房,兒科ICU,42,呼吸器相關肺炎,9,呼吸器,"10,646","39,986"
2011,區域醫院,加護病房,綜合科ICU,87,呼吸器相關肺炎,342,呼吸器,"204,128","361,500"
2011,醫學中心,加護病房,內科ICU,50,導尿管相關泌尿道感染,842,導尿管,"164,882","234,589"
2011,醫學中心,加護病房,外科ICU,65,導尿管相關泌尿道感染,799,導尿管,"201,994","252,046"
2011,醫學中心,加護病房,心臟科ICU,14,導尿管相關泌尿道感染,169,導尿管,"33,228","63,725"
2011,醫學中心,加護病房,兒科ICU,32,導尿管相關泌尿道感染,44,導尿管,"11,321","135,205"
2011,醫學中心,加護病房,綜合科ICU,16,導尿管相關泌尿道感染,228,導尿管,"51,005","74,617"
2011,區域醫院,加護病房,內科ICU,61,導尿管相關泌尿道感染,456,導尿管,"176,885","273,403"
2011,區域醫院,加護病房,外科ICU,49,導尿管相關泌尿道感染,439,導尿管,"137,262","177,464"
2011,區域醫院,加護病房,心臟科ICU,12,導尿管相關泌尿道感染,48,導尿管,"20,666","37,392"
2011,區域醫院,加護病房,兒科ICU,24,導尿管相關泌尿道感染,1,導尿管,"1,698","24,943"
2011,區域醫院,加護病房,綜合科ICU,80,導尿管相關泌尿道感染,701,導尿管,"239,892","341,552"
2010,醫學中心,加護病房,內科ICU,48,中心導管相關血流感染,718,中心導管,"118,645","228,871"
2010,醫學中心,加護病房,外科ICU,69,中心導管相關血流感染,720,中心導管,"163,855","270,761"
2010,醫學中心,加護病房,心臟科ICU,15,中心導管相關血流感染,123,中心導管,"22,541","64,806"
2010,醫學中心,加護病房,兒科ICU,30,中心導管相關血流感染,183,中心導管,"43,526","123,341"
2010,醫學中心,加護病房,綜合科ICU,15,中心導管相關血流感染,186,中心導管,"35,355","70,517"
2010,區域醫院,加護病房,內科ICU,69,中心導管相關血流感染,477,中心導管,"122,331","315,888"
2010,區域醫院,加護病房,外科ICU,48,中心導管相關血流感染,307,中心導管,"87,730","186,194"
2010,區域醫院,加護病房,心臟科ICU,13,中心導管相關血流感染,37,中心導管,"15,126","41,095"
2010,區域醫院,加護病房,兒科ICU,34,中心導管相關血流感染,5,中心導管,"5,506","29,757"
2010,區域醫院,加護病房,綜合科ICU,89,中心導管相關血流感染,493,中心導管,"158,848","365,464"
2010,醫學中心,加護病房,內科ICU,50,呼吸器相關肺炎,137,呼吸器,"164,655","238,445"
2010,醫學中心,加護病房,外科ICU,71,呼吸器相關肺炎,360,呼吸器,"163,336","280,702"
2010,醫學中心,加護病房,心臟科ICU,15,呼吸器相關肺炎,27,呼吸器,"28,032","64,806"
2010,醫學中心,加護病房,兒科ICU,29,呼吸器相關肺炎,62,呼吸器,"34,885","110,719"
2010,醫學中心,加護病房,綜合科ICU,15,呼吸器相關肺炎,52,呼吸器,"46,966","70,517"
2010,區域醫院,加護病房,內科ICU,69,呼吸器相關肺炎,287,呼吸器,"184,118","315,888"
2010,區域醫院,加護病房,外科ICU,48,呼吸器相關肺炎,330,呼吸器,"98,982","186,194"
2010,區域醫院,加護病房,心臟科ICU,13,呼吸器相關肺炎,19,呼吸器,"18,813","41,095"
2010,區域醫院,加護病房,兒科ICU,39,呼吸器相關肺炎,10,呼吸器,"8,090","31,094"
2010,區域醫院,加護病房,綜合科ICU,90,呼吸器相關肺炎,395,呼吸器,"207,037","365,850"
2010,醫學中心,加護病房,內科ICU,50,導尿管相關泌尿道感染,979,導尿管,"163,929","238,445"
2010,醫學中心,加護病房,外科ICU,72,導尿管相關泌尿道感染,890,導尿管,"222,679","280,779"
2010,醫學中心,加護病房,心臟科ICU,15,導尿管相關泌尿道感染,188,導尿管,"32,190","64,806"
2010,醫學中心,加護病房,兒科ICU,29,導尿管相關泌尿道感染,49,導尿管,"9,959","119,212"
2010,醫學中心,加護病房,綜合科ICU,15,導尿管相關泌尿道感染,285,導尿管,"48,622","70,517"
2010,區域醫院,加護病房,內科ICU,69,導尿管相關泌尿道感染,711,導尿管,"203,915","315,888"
2010,區域醫院,加護病房,外科ICU,48,導尿管相關泌尿道感染,440,導尿管,"139,986","186,194"
2010,區域醫院,加護病房,心臟科ICU,13,導尿管相關泌尿道感染,63,導尿管,"24,124","41,095"
2010,區域醫院,加護病房,兒科ICU,22,導尿管相關泌尿道感染,3,導尿管,"1,177","19,293"
2010,區域醫院,加護病房,綜合科ICU,89,導尿管相關泌尿道感染,828,導尿管,"256,354","365,464"
2009,醫學中心,加護病房,內科ICU,46,中心導管相關血流感染,801,中心導管,"119,159","227,761"
2009,醫學中心,加護病房,外科ICU,63,中心導管相關血流感染,650,中心導管,"154,593","242,537"
2009,醫學中心,加護病房,心臟科ICU,14,中心導管相關血流感染,139,中心導管,"20,984","62,556"
2009,醫學中心,加護病房,兒科ICU,23,中心導管相關血流感染,147,中心導管,"41,145","93,228"
2009,醫學中心,加護病房,綜合科ICU,14,中心導管相關血流感染,168,中心導管,"34,127","59,047"
2009,區域醫院,加護病房,內科ICU,64,中心導管相關血流感染,455,中心導管,"110,277","274,033"
2009,區域醫院,加護病房,外科ICU,46,中心導管相關血流感染,307,中心導管,"83,943","174,624"
2009,區域醫院,加護病房,心臟科ICU,13,中心導管相關血流感染,47,中心導管,"13,387","36,570"
2009,區域醫院,加護病房,兒科ICU,22,中心導管相關血流感染,9,中心導管,"3,574","24,486"
2009,區域醫院,加護病房,綜合科ICU,72,中心導管相關血流感染,463,中心導管,"139,837","310,234"
2009,醫學中心,加護病房,內科ICU,46,呼吸器相關肺炎,157,呼吸器,"165,310","227,761"
2009,醫學中心,加護病房,外科ICU,63,呼吸器相關肺炎,339,呼吸器,"146,254","242,537"
2009,醫學中心,加護病房,心臟科ICU,14,呼吸器相關肺炎,49,呼吸器,"27,166","62,556"
2009,醫學中心,加護病房,兒科ICU,23,呼吸器相關肺炎,59,呼吸器,"30,166","93,228"
2009,醫學中心,加護病房,綜合科ICU,14,呼吸器相關肺炎,56,呼吸器,"38,288","59,047"
2009,區域醫院,加護病房,內科ICU,64,呼吸器相關肺炎,241,呼吸器,"158,808","274,033"
2009,區域醫院,加護病房,外科ICU,46,呼吸器相關肺炎,302,呼吸器,"92,259","174,624"
2009,區域醫院,加護病房,心臟科ICU,13,呼吸器相關肺炎,27,呼吸器,"15,825","36,570"
2009,區域醫院,加護病房,兒科ICU,22,呼吸器相關肺炎,7,呼吸器,"7,697","24,486"
2009,區域醫院,加護病房,綜合科ICU,72,呼吸器相關肺炎,427,呼吸器,"178,584","310,234"
2009,醫學中心,加護病房,內科ICU,46,導尿管相關泌尿道感染,1301,導尿管,"162,048","227,761"
2009,醫學中心,加護病房,外科ICU,63,導尿管相關泌尿道感染,1042,導尿管,"199,272","242,537"
2009,醫學中心,加護病房,心臟科ICU,14,導尿管相關泌尿道感染,257,導尿管,"31,933","62,556"
2009,醫學中心,加護病房,兒科ICU,23,導尿管相關泌尿道感染,45,導尿管,"8,554","93,228"
2009,醫學中心,加護病房,綜合科ICU,14,導尿管相關泌尿道感染,260,導尿管,"44,419","59,047"
2009,區域醫院,加護病房,內科ICU,64,導尿管相關泌尿道感染,811,導尿管,"171,484","274,033"
2009,區域醫院,加護病房,外科ICU,46,導尿管相關泌尿道感染,507,導尿管,"133,605","174,624"
2009,區域醫院,加護病房,心臟科ICU,13,導尿管相關泌尿道感染,88,導尿管,"21,595","36,570"
2009,區域醫院,加護病房,兒科ICU,22,導尿管相關泌尿道感染,5,導尿管,"1,092","24,486"
2009,區域醫院,加護病房,綜合科ICU,72,導尿管相關泌尿道感染,845,導尿管,"218,441","310,234"
2008,醫學中心,加護病房,內科ICU,46,中心導管相關血流感染,593,中心導管,"108,878","214,361"
2008,醫學中心,加護病房,外科ICU,60,中心導管相關血流感染,642,中心導管,"156,298","240,545"
2008,醫學中心,加護病房,心臟科ICU,16,中心導管相關血流感染,172,中心導管,"26,653","74,134"
2008,醫學中心,加護病房,兒科ICU,27,中心導管相關血流感染,194,中心導管,"47,566","115,309"
2008,醫學中心,加護病房,綜合科ICU,17,中心導管相關血流感染,204,中心導管,"40,413","73,527"
2008,區域醫院,加護病房,內科ICU,46,中心導管相關血流感染,345,中心導管,"95,453","211,761"
2008,區域醫院,加護病房,外科ICU,38,中心導管相關血流感染,252,中心導管,"77,186","147,151"
2008,區域醫院,加護病房,心臟科ICU,11,中心導管相關血流感染,45,中心導管,"12,875","29,940"
2008,區域醫院,加護病房,兒科ICU,17,中心導管相關血流感染,16,中心導管,"6,667","20,476"
2008,區域醫院,加護病房,綜合科ICU,88,中心導管相關血流感染,667,中心導管,"174,110","387,577"
2008,醫學中心,加護病房,內科ICU,48,呼吸器相關肺炎,204,呼吸器,"162,575","224,789"
2008,醫學中心,加護病房,外科ICU,64,呼吸器相關肺炎,532,呼吸器,"155,975","253,445"
2008,醫學中心,加護病房,心臟科ICU,15,呼吸器相關肺炎,61,呼吸器,"32,669","73,361"
2008,醫學中心,加護病房,兒科ICU,28,呼吸器相關肺炎,54,呼吸器,"36,957","128,474"
2008,醫學中心,加護病房,綜合科ICU,16,呼吸器相關肺炎,91,呼吸器,"50,779","73,442"
2008,區域醫院,加護病房,內科ICU,46,呼吸器相關肺炎,360,呼吸器,"136,894","214,794"
2008,區域醫院,加護病房,外科ICU,38,呼吸器相關肺炎,415,呼吸器,"84,521","147,151"
2008,區域醫院,加護病房,心臟科ICU,11,呼吸器相關肺炎,27,呼吸器,"14,790","29,940"
2008,區域醫院,加護病房,兒科ICU,20,呼吸器相關肺炎,14,呼吸器,"7,445","22,339"
2008,區域醫院,加護病房,綜合科ICU,88,呼吸器相關肺炎,568,呼吸器,"228,148","387,577"
2008,醫學中心,加護病房,內科ICU,48,導尿管相關泌尿道感染,1102,導尿管,"157,114","224,789"
2008,醫學中心,加護病房,外科ICU,64,導尿管相關泌尿道感染,1017,導尿管,"200,908","246,680"
2008,醫學中心,加護病房,心臟科ICU,16,導尿管相關泌尿道感染,278,導尿管,"39,912","74,134"
2008,醫學中心,加護病房,兒科ICU,21,導尿管相關泌尿道感染,58,導尿管,"10,205","86,785"
2008,醫學中心,加護病房,綜合科ICU,17,導尿管相關泌尿道感染,337,導尿管,"53,962","73,527"
2008,區域醫院,加護病房,內科ICU,47,導尿管相關泌尿道感染,741,導尿管,"142,106","217,431"
2008,區域醫院,加護病房,外科ICU,37,導尿管相關泌尿道感染,445,導尿管,"115,410","144,486"
2008,區域醫院,加護病房,心臟科ICU,11,導尿管相關泌尿道感染,61,導尿管,"19,039","29,940"
2008,區域醫院,加護病房,兒科ICU,4,導尿管相關泌尿道感染,3,導尿管,420,"6,331"
2008,區域醫院,加護病房,綜合科ICU,87,導尿管相關泌尿道感染,1243,導尿管,"278,591","386,449"
